<?xml version="1.0" encoding="UTF-8"?>

<beans xmlns="http://www.springframework.org/schema/beans"
xmlns:xsi="http://www.w3.org/2001/XMLSchema-instance"
xmlns:aop="http://www.springframework.org/schema/aop"
xsi:schemaLocation="http://www.springframework.org/schema/beans
http://www.springframework.org/schema/beans/spring-beans-4.0.xsd">


<bean id="address1" class="com.spg.Address">
	<property name = "city" value = "Nagpur"></property>


</bean>
<!-- <bean id="emp" class="com.spg.Employee" autowire = "constructor"> -->
<bean id="emp" class="com.spg.Employee" scope = "prototype">


	<constructor-arg name = "ename" index = "1" value = "King"></constructor-arg>
	<constructor-arg index = "0"><value>1001</value></constructor-arg>
	<constructor-arg><value>7000</value></constructor-arg>
		
		
		
	<!-- <property name = "eid" value="1001"></property>
	<property name = "ename" ><value>KING</value></property>
	<property name = "salary" value = "7000"></property> -->
	
	
	<!-- <property name = "address" ref = "addr" > 
		<bean class = "com.spg.Address" >
			<property name = "city" value = "Nagpur">
			</property>
		</bean>
	</property> -->
	
	<property name = "skills" >
		<list> 
			<value>Java</value>
			<value>SQL</value>
			<value>Angular</value>
			<value>C++</value>
		</list>
	</property>
	<property name = "projects">
		<map>
			<entry key = "101" value = "Banking"> </entry>
			<entry key = "102" value = "Services"> </entry>
			<entry key = "103" value = "Government"> </entry>
		</map>
	</property>
	<property name="teamMates">
		<props>
			<prop key="HarryPotter">The magic property</prop>
			<prop key="JerrySeinfeld">The funny property</prop>
		</props>
	</property>
	
</bean> 

</beans>