
<beans xmlns="http://www.springframework.org/schema/beans"
xmlns:xsi="http://www.w3.org/2001/XMLSchema-instance"
xmlns:aop="http://www.springframework.org/schema/aop"
xsi:schemaLocation="http://www.springframework.org/schema/beans
http://www.springframework.org/schema/beans/spring-beans-4.0.xsd">

<bean id="addr" class="com.capg.Address">
				<property name="city" value="Kakinada"></property>
			</bean>



<bean  id="emp" class="com.capg.Employee"> <!--byName,byType,constructor  -->
			
			
			
			 <property name="eid" value="1001"></property>
			 <property name="ename">
				<value>VIGNESH</value>			
			 </property>
			
			 <property name="salary" value="7000"></property>
			
			
			
			
		<property name="address" ref="addr">
		<!--  	<bean class="com.capg.Address">
				<property name="city" value="KAKINADA"></property>
			</bean>-->
		</property>
		
		
		
		
		
		     <property name="skills">
				<list>
				  	<value>Java</value>	
					<value>SQL</value>	
					<value>ANGULAR</value>	
					<value>SPRING</value>	
				</list>
			 </property>
			 
			 
			 
			 
			 
		<property name="projects">
		 <map>
				<entry key="101" value="Banking"></entry>
				<entry key="102" value="Finance"></entry>
				<entry key="103" value="HealthCare"></entry>
				<entry key="104" value="AirLines"></entry>
		 </map>
		 </property>
		 
		 
		 
		 
		 	<property name="teamMates">
        <props>
            <prop key="HarryPotter">The Magic Property</prop>
            <prop  key="JerrySeinfield" >The funny Property</prop>
           
        </props>
    </property>
		 
		 
		 
		 
		 
		
		
</bean>



</beans>